destination,value
0x27bc9986d7261edf08155cb748f07cb43314048e,1688550028999999881216
0x3369925d58b1ed67981ff6c79516ec2c86489f79,1688550028999999881216
0x403cf2781e3575322ce445eaa3c59ba7ac3c37d7,1688550028999999881216
0x033d17b048b107f2e860a46c8cf80dabd9e81cda,1688550028999999881216
0x5171c793fffd5ecc50145334bcab2fe0945474b4,1688550028999999881216
0x16ff916fcca281206608f58de0aab80bb166b38a,1688550028999999881216
0x262ff49e5a34b35bce2a7ad4a42b7689f70d0712,1688550028999999881216
0x08b030e76cfe49cf266b241a46ad7fb9917958b5,1688550028999999881216
0x4b6910654f598814606cd9b9e59c515b54168620,1688550028999999881216
0x2452a22b8749f37b9131d10934c3777374237f6c,1688550028999999881216
0x2f64b9c5e4b24eef6c2003406302f0dd92ae9b56,1688550028999999881216
0x86ab846eab1db8ed6f410cbc7c5497de0b7b4536,1688550028999999881216
0x45b4eab523faf62b319bf1b02f94ac00e54d6f23,1688550028999999881216
0x9864741e3fa8eb8396491ca8ef18c0259b0f2bcd,1688550028999999881216
0x1bf7aba88a2c311b47920b01adecdb4307bc006a,1688550028999999881216
0x1c5ce3a048a67bcee3cbb82dcb6ef2bc1dcb83b3,1688550028999999881216
0x44be1f2e4c870e2555f59540941903d22db348d9,1688550028999999881216
0x1c8915f70850873a03df2d6cdba71b226bcdfeb3,1688550028999999881216
0x22678b147a46bee86b79acbbde00b7f2e6c02da7,1688550028999999881216
0x22bbcb706f22af3a543e9519b08862f455253a4c,1688550028999999881216
0x2309e6204f3246b0d74628a47a8466a694cb8ecc,1688550028999999881216
0x247061c83e59edc190cd9a9f361b3850e8efc77b,1688550028999999881216
0x2892f9f13224e737a5e143d5c6aec0999e297b46,1688550028999999881216
0x1824db66ae6d644f0be2aec44eb0638b76e9a6a7,1688550028999999881216
0x28bf725db3885e3d6b29c9bda3d6bc1340d039df,1688550028999999881216
0x09c67aaeb8a1ad31f9fe32f962eb878114ad035e,1688550028999999881216
0x2f433f16753bf6e41f28a2f70bd9138c8df421b5,1688550028999999881216
0x2f488546e9db21444125e5b0914eeadfc05845c4,1688550028999999881216
0x34a7654acf5c1004dfca66ec3a1eb7e9dce768c4,1688550028999999881216
0x487d0c7553c8d88500085a805d316ed5b18357f8,1688550028999999881216
0x3d91ad906c3969f86c588c988f721d5a735c6f81,1688550028999999881216
0x364d41f0a7153b34af64a0a810d3f0332aa72515,1688550028999999881216
0x39980111e40b8717d8426d280d9a6e7ec1a19f56,1688550028999999881216
0x3eaa8280f6dc59bec0ebe1032ad7858cc89e0dc5,1688550028999999881216
0x1607699bd649891c28cba2a08ef3aeb1fed7792b,1688550028999999881216
0x3b6cd71239aa09c220a587ada5acb68c78b6e8fd,1688550028999999881216
0x6a903e0385c45d16e9bbf9107160a039e9c25215,1688550028999999881216
0x13b72013978906bf696ed2040c3d8af8bc34c2a3,1688550028999999881216
0x1fae7b5831c0b57dd172da74fd8beb983ab6b20a,1688550028999999881216
0x2ef448f860bacce3343d7ab5da1fb867a811b781,1688550028999999881216
0x292c6dae7417b3d31d8b6e1d2eea0258d14c4c4b,1688550028999999881216
0x1a567b84377e64bdab026342c177870cc7410ead,1688550028999999881216
0xc3995fb5af5c88ad643a39e3b459c4fe3f721fbf,1688550028999999881216
0x7a1a7bb0dfd8b581ae2d2e568bf7e4728d763016,1688550028999999881216
0xc4211119f92df74692d7af3c2114da1ed15c3fb0,1688550028999999881216
0x3f2e7c43c44018ea1c148eda541ccdfd923ee18a,1688550028999999881216
0x4113c5855b8219e0fd48b304456b84965d31e1c7,1688550028999999881216
0x525341c4925d5d0d81f79822a688a57d50cb633f,1688550028999999881216
0x04d13d57bf2f60c4c5024fba1a6cb20efea99a77,1688550028999999881216
0x34ad029d03d4a54e27415404045e6911e0dad7d4,1688550028999999881216
0x412a12c7a66a7a1e4122b6a03e0ba20ace6b3a9a,1688550028999999881216
0x1a56e97ffa34b1605557480e6f13361334af9e81,1688550028999999881216
0x273061aa9b9ddddce5b7c2d1eb7237611d558d4f,1688550028999999881216
0x456b52e4f19cbd3e69bacd1ad8f89fbbf0b78452,1688550028999999881216
0x51c721bfb8b4e86187866be0f9abfb7935ac7704,1688550028999999881216
0x38c2ed448d69b44ca6d45fc995b4d8854a10a4c6,1688550028999999881216
0xdf7a4a19168bd058dd6c26d202ae787601522411,1688550028999999881216
0x13f7b3c65392e231197315bacd66807fd348c8a9,1688550028999999881216
0x0949932bddb31f5c2621f648b402a5286a114991,1688550028999999881216
0x84990633d01d9c8ef363dba25cbee1338bd0fad4,1688550028999999881216
0x3f6a989786fd0fdae539f356d99944e5aa4fbae1,1688550028999999881216
0x2b7c090558e57fda174cd70d1c51e654165cd16c,1688550028999999881216
0x3a652f60622d22cde49de3d9b5e9d0dcd4d6c32a,1688550028999999881216
0x1b23e9bb4d241f41bbe539463bdee713eba410ae,1688550028999999881216
0xc294a4a60aefd6dad947540f531ae61c1a805202,1688550028999999881216
0xd725f7513144389dc2451c2765e0e4ae61900dea,1688550028999999881216
0x1d9d9bbd4eefe275cca505ab9309bead815a2d10,1688550028999999881216
0x0cdf30d36366f2f33c48bde88f0e1f90668e29ce,1688550028999999881216
0x48c2d8a21120ca718c7106ba21595f24c2b83282,1688550028999999881216
0x42eb85f50a808a83f740d2b02ecbd6a38d9d5e17,1688550028999999881216
0x50c5d6a8bac89374cc3bc65723bcfedfd9ebf75c,1688550028999999881216
0x39c4d2e6df937640f71e539e9047bde2a70e3c15,1688550028999999881216
0x6f8826ff600e74ba3f9e43897920ba6f8c77d0a9,1688550028999999881216
0x40d7734310f56db5c00ae5295ac87a902a471083,1688550028999999881216
0xd614eb28019a8e8e51b925c139c9dd10f50542a3,1688550028999999881216
0x39b7bae1e0cac10fc24120725d3d54b9d41dd389,1688550028999999881216
0x02567d98dba79f6acf3798521fb517aa6f40a888,1688550028999999881216
0xbf8c807cc67e7551ac79dff39493c9f5c61a283f,1688550028999999881216
0x0b34ce264ed6ae7474e3a12511700f4524ebd504,1688550028999999881216
0x1dd915aa6d634f67b4356f5a9c25fe7035966371,1688550028999999881216
0x8d6cc93edd1ced9ab976fc3e9bf37b8b0c5cd2d9,1688550028999999881216
0x86a508c93231de2dd43d7bb51cef658062d4c3fa,1688550028999999881216
0xba20242b9c51a75663602be62ec60b064a977e68,1688550028999999881216
0xd300b9a5e34806f5dedbaf1e1641254a3646b807,1688550028999999881216
0x5607b79d5595df2d1083224b981129e8edad8743,1688550028999999881216
0xb106dd07f562cbedbf2eb48caa8ec9c40b77058f,1688550028999999881216
0xd963a6c94f013f1617909deb6f7fbe98e912dd6a,1688550028999999881216
0xdd963ec4c0841f719f1cf88a2e9ba5a65c14a8f1,1688550028999999881216
0xcbf9ef15a6c90d894136625baf89f7a87ac549c2,1688550028999999881216
0xbeca5f13717543c9f5ba5b019d3faca0d7c1c9ca,1688550028999999881216
0x7ae3ae8b900107caad9d9a6923ed1309f6b2aecb,1688550028999999881216
0x6c562347d8d22fa512631846cceaeff32a26f4ef,1688550028999999881216
0xde557a4b730e023b437adaa89bf52d1b306cba2f,1688550028999999881216
0xde01c04389b6434628c151a6f7d2515bf80c4448,1688550028999999881216
0x86c0a96b75f714383d2401b35f4600572b9c80ab,1688550028999999881216
0xddcb509fe6e15ec45a35492686947aff08bf58e1,1688550028999999881216
0xdc4ecb6276d3db1942ee13aaeaab126c3e1993ad,1688550028999999881216
0xc22aec32cac79183e137bf3d5670c5498b5d9ffe,1688550028999999881216
0xdaf21f14968f451c631bc1b0f92baa233b6be02e,1688550028999999881216
0xd92be2920d5773ab907ca1eeac9d2e0c4abb2fac,1688550028999999881216
0x152d1819d87e3739fa0ae17ce4e468ea7dc0db86,1688550028999999881216
0xd8086758daabc3e734ef5971eb7e2ad8f32a2f81,1688550028999999881216
0x0da78e5c4a4111e0749006d7097c24152f54eb46,1688550028999999881216
0xd7cc57bfe31c7a9abc7edce68f660329828694ec,1688550028999999881216
0xd324bd4402f92e8a28e08ba35dba4a99102e4737,1688550028999999881216
0x69d6497931482defaccf7dfd79e3a5433a287afd,1688550028999999881216
0xd15c36c00ddd9bad7966f92457764d5f5598f81c,1688550028999999881216
0xae3d433f92b13f3f6a2f9a4df9dc1175b7ae557b,1688550028999999881216
0xd05cd3501cea7b4289ad5efb04e68e9f2c25197d,1688550028999999881216
0xcd8523f6a9b0cd5e192bb3f5af3ea33db712149b,1688550028999999881216
0xcd2fabb27289e83658a23fc0325632c20f0a2437,1688550028999999881216
0xc8e955ce48bdded94d85bf3a6f1ec41f8bbb441c,1688550028999999881216
0xc6ed796c1f752e993b43200c61fa7bb37764062c,1688550028999999881216
0x58afcec9f52951baef490ef6e4a9a09bfdd53bb7,1688550028999999881216
0xc6d62e9e57a9ca625d73fa29b41aa13c421cb4fd,1688550028999999881216
0xc5c86582bd96fb854fab79dda4131f924178c3c2,1688550028999999881216
0xcddf960dba1ee6eabf7d6a59aa5d4387b07691ae,1688550028999999881216
0x09bde56f11c2f41968dc100b19fdd461b5d74be1,1688550028999999881216
0xc50936ceadcda9b41bd47c86a4813ded3b9ae40e,1688550028999999881216
0x991f0fa23dd6d1ae9a704888b2023e34f5b43141,1688550028999999881216
0x8b485292050b51f535b85867e56833152ae103a7,1688550028999999881216
0xc459e410300b2318a2e7513ee128f1170565b0f6,1688550028999999881216
0x7c9bcd669a250bcb1a4f191f1bb17db6988eadab,1688550028999999881216
0xc32ba9452cb2bcfa2462686f7a2b62811e3a4058,1688550028999999881216
0xa74c18edd17316bc05f2e1b2c2666c9312f44e9d,1688550028999999881216
0xc26bad9ee0d95777c5546c9f7220cd8c0c3e6e47,1688550028999999881216
0xc1a282bce651eeab1a645ee0b9c5fdd2a186be12,1688550028999999881216
0xc07a18c4cce7f95a413515d3d137de47bcffb495,1688550028999999881216
0x9d560118065ff9fef3635e882c24e92caa71391d,1688550028999999881216
0xb705143ff2cc4d394518430096231b610f34cda7,1688550028999999881216
0x8a503b57c824c8d69310e97ee111daeae9676efd,1688550028999999881216
0xb251ea46486999bd938d37b890602c24b909d0f0,1688550028999999881216
0x15e97e9d9e5ac247bbfae4e7e39c634ba60e610f,1688550028999999881216
0xaf362390f6ba5fec7e97e17d050c686fa43b3255,1688550028999999881216
0xaf08310ff2842f182e3a69dada020f95bc8f1e89,1688550028999999881216
0xad659ef4a9421e5d001608d7fa2f462f30208ca2,1688550028999999881216
0xe269dbe9e5f8f0b05c51e2d64c2b3b0f7669868f,1688550028999999881216
0xad5d9a0ffa01b99d0120262db629c9c69748ad4d,1688550028999999881216
0xad4489f64a8be791294116d3e99d2721c7f0a72a,1688550028999999881216
0xad277bcdbe535294d07349886682e0d664bb59a0,1688550028999999881216
0xace4f541a823ad92c9a87088f5182a67833ffdc2,1688550028999999881216
0xab80ae64f12411d426a9f1a1987a0bc7213457f5,1688550028999999881216
0xa849ad637713050a68bb857ab317ed6bcf092f16,1688550028999999881216
0x7552fe5c723ab1a125a7fccaa1ad89ef2b6fee99,1688550028999999881216
0x68277734a84b5a2875c7b1baf98205825d51fdfc,1688550028999999881216
0xa5234bd6500d1a719884b16238fd094a03f2be61,1688550028999999881216
0xa4cf2fbdb8c86492467787628dfa351c8d432929,1688550028999999881216
0xa2d42f16d3a76578aae517ee10d2bd6cbbef8270,1688550028999999881216
0x8b3347fd0b8c3a619d1f1fdc90caf4f335c03742,1688550028999999881216
0x6dc1e2c93ea260b8543fc4cf3b4072f6d0df0d9a,1688550028999999881216
0x9d37c62d5cb5f8c49637e869b2e982710b12d2ea,1688550028999999881216
0x9c48c15556719b287ef1286f6375fef24ae4d666,1688550028999999881216
0xa654fac00611b0fbec16424095197e181ca27210,1688550028999999881216
0xa906648a872acd45e8d542fbc3b062bfebaccbf4,1688550028999999881216
0x99cce0eee6391534c0713249c7754d108efdb11e,1688550028999999881216
0x92e24ee26c95c41824fcbf3cef1d6b73f14f9563,1688550028999999881216
0xdf40920f41d6df69954017ed7ebb15fb1795b116,1688550028999999881216
0x912e35ca5992c5bfe8d1f902f5dffe86f0373441,1688550028999999881216
0x8de02b898091a2401f2d89f6cf3c50307c329492,1688550028999999881216
0x8451727d424b5b283f2305734f8676aec617b813,1688550028999999881216
0x8bb4cafdee58590c9a172382aad938de1442d096,1688550028999999881216
0x8b0c8071d8769754153a2f83d0d9eb8c49bed0d7,1688550028999999881216
0x8a1a3b377983a59ad4961311928cf86e9fa3a5da,1688550028999999881216
0x52abfad8e8eb331d1a5114c9f4967923e3f132ba,1688550028999999881216
0x8883fc09742b799cb2016e43b1316f286caa6496,1688550028999999881216
0x878b72f77601bc01e45ac949c20f4a75c09f97bd,1688550028999999881216
0x8740d9ec65b40be5ebb84bd22607e81260fe3a3a,1688550028999999881216
0x86ca6c851836be6d904caafa9522c65960a4b968,1688550028999999881216
0x8628d73d3f950abde99739ef34b6cfa10394f579,1688550028999999881216
0x854ebf61e97ab096a226b376c935bc4d9707b918,1688550028999999881216
0x7fe494de8a522a2355306cb2d30544096939ecbd,1688550028999999881216
0x070c0655992b7a269ddd111aba8f0a17bf09e959,1688550028999999881216
0x7c12abd68383b03dd0730bdf28e64bf36f71d54b,1688550028999999881216
0x0879c0d62e9803bf3d4f632590dc439fc856de7f,1688550028999999881216
0x79e75f84b239eee09fcca25795d5cef97e1a027c,1688550028999999881216
0x9401a1e0ab3fa60d31184a6d5b50a9a8f78b0e86,1688550028999999881216
0xac379456191ec7a658337c278b13d22b3ee2062e,1688550028999999881216
0x7ecb7a50d54d7985604dba59acb2705b0871572c,1688550028999999881216
0xd6eb449e39a260dd2c17d08147482e43ed770e53,1688550028999999881216
0x6f413b49673d2f918cde926256ab1b7191a87287,1688550028999999881216
0x6d9a6835d7562d0458c821eb7b1438a313b9ae13,1688550028999999881216
0xe4456a415ea89db019185885b122985b25fd4946,1688550028999999881216
0xdb48e975564a55ed41e9f03a0586b34f2c9de640,1688550028999999881216
0x6c3d98333e0a11688d869542a2d1d0821125aea7,1688550028999999881216
0x6c23bad96dadc958c4d9f865da8328d7e354caf7,1688550028999999881216
0x6ac40b84f5732ccc2d21ebe71f2acc4140314843,1688550028999999881216
0x69d457ceb997ac56014bf7bbac9069e2181b3d48,1688550028999999881216
0x687b3b234518a97a0cc8dad53ff7e45ec465801b,1688550028999999881216
0xc049af472eec8ce544765974c7ae88cf2b133393,1688550028999999881216
0x6670421786cb9b4fb09181141edd3aa1e5389975,1688550028999999881216
0x638d707281fc88369bb2de6a2d3c1f08804a7b0c,1688550028999999881216
0xca55a45c8547145b1b18fb8a2655811486bec196,1688550028999999881216
0x91f34a7979e873f54bde6837420d6c7800020b17,1688550028999999881216
0x636545e69e28db7b3923ec927dc6338914daa55f,1688550028999999881216
0x633d86586714a1cd774c70aa3af89c910519b3a2,1688550028999999881216
0x6106443604864d9cae7fa448dbfd205deed9fef9,1688550028999999881216
0x5fd9825380a332852b9b808ec7af3579f0ef3bd6,1688550028999999881216
0x5c055c05126b8bd0a16596e79f76308098ef46f3,1688550028999999881216
0xe209b201d3c45fc6b747f45989d200f75a871392,1688550028999999881216
0x588ccff1936b596dbfa21dd410a92d83117b7e88,1688550028999999881216
0x56e6dae19f7035bd9edb0381fe6a2993651c41d1,1688550028999999881216
0x54bc9155dfea8523958141e9bf7907e8dbf89455,1688550028999999881216
0x145dd77c0eb627b7b93ceabecad82472e424b0f5,1688550028999999881216
0x5c4668d494c6af375a20782727ec2084605ddb64,1688550028999999881216
0x549022ad5cd11816eb7ce6ea15ae61c1fb4edb8a,1688550028999999881216
0xe59d57ac20fcf1718ef6ab61b95a5fa87fc85b75,1688550028999999881216
0xe65fe020e93bafbf333f677145a21052e984d1f6,1688550028999999881216
0xe9983244a2c622687c77711d3344a2e9572bb977,1688550028999999881216
0xea01ff3b4b6910b0c26248001fa0f7235c614bd7,1688550028999999881216
0xeaad2f7bf3ab7b12a491182bf96ba1f203c7fd7a,1688550028999999881216
0xeac5781e7ca68f1c7b6ebe854901e427049d0ab5,1688550028999999881216
0xeb903600d9c703383fd0b2c29f1ecc1f3dc181b2,1688550028999999881216
0xebbb17621786b834d4f6d6eec92ccd24b042706f,1688550028999999881216
0xed4b17e5a48cbbc8684a0873c02475e54f3ee915,1688550028999999881216
0xedafd0f138e99ac62bf2d382f3124e73e16f82d6,1688550028999999881216
0xeec9a853ab6270ec0dbc333c1eb4b59a4b9e4d82,1688550028999999881216
0xef8890c29628dd9e4c076c07c0459566662c6489,1688550028999999881216
0xefd0cbe15c2777aa9800a071e0387bde63cb9407,1688550028999999881216
0xefd8f2953ea2783b824b8f45551a66c6f3976a99,1688550028999999881216
0xf0f703629cc31dc13cdb899aa985c3f4f0df7cba,1688550028999999881216
0xf43ed11c675803d8a17dc1b67a3c8ccc35efd828,1688550028999999881216
0xf656f9ce6dc09bd6d0070984420ed0ae8f5b58f0,1688550028999999881216
0xf7e4ced23c4030b51baaa24795c0240c936abb50,1688550028999999881216
0xf81dc814179f97b7922b77811eb6fc36fd1f3b26,1688550028999999881216
0xf823668826c24ae56e3976ece3ae90de5d808df5,1688550028999999881216
0xf9003416242c9c7f92f404bde23986e2d91a9982,1688550028999999881216
0xf9107317b0ff77ed5b7adea15e50514a3564002b,1688550028999999881216
0xf9624a46ce04acf8bd7d5bc00bad57c4e809288e,1688550028999999881216
0xf974bf0baa80e10426cf38bfb3999a8bbe80fd62,1688550028999999881216
0xfab7b83f027f65c1edfc4a52c4e57a71d70a963e,1688550028999999881216
0xfaba42f8ddba76b5d9182be3a7f2ff3aec030295,1688550028999999881216
0xfadb712c7d0f0786de64590f94a270efeb7263d3,1688550028999999881216
0xfb8cdd7b3450acf5fd9f3a3a5912b2231e1c1a7a,1688550028999999881216
0xfd01ed834224baac47fdb58d8dfde9607ba349ab,1688550028999999881216
0xe47b3d3e7c9e11f404a73da33f0b5c0cd1810e0a,2578453720000000163840
0xc6ddf90790b433743bd050c1d1d45f673a3413f4,2578453720000000163840
0xa8be215dd9b301b874c9fd6c464b058c24493625,2578453720000000163840
0x991cce5b05282d7360c46d321edc1b3ac23b4051,2578453720000000163840
0xedbf81849758ebe0a74859c6e86acebc8edebe67,3119151590999999905792
0xa656316cd0613c47a5b1c49125af331189a8e551,3119151590999999905792
0xcbf811d9673223b8ce1b284a804fe2d7362a53f1,3119151590999999905792
0xbf0625db84ffce92c5adc10d830cafa30321055c,3119151590999999905792
0x4566adba05ab72d5d0e75cb30bc9415c432b665e,3119151590999999905792
0x65ced347a006b95c8fa74dea8de4f688a264f9b0,3119151590999999905792
0xac8fb88da61813a9247ffa2060082f352c39b6c6,3119151590999999905792
0x5daafe54985f5c1c421761590ad1a6064fb3c998,3119151590999999905792
0x76d6cf3bb66aae4d852efa8c532ec5332757cc9a,3119151590999999905792
0x5a3ca3fad3785e634fde51bd782057d9abb82bce,3119151590999999905792
0x821b358a4ecc21b987806fd7966cfee34e3ee6d1,3119151590999999905792
0x2d6836b5d89e319f38ac3c058f4c835f0c69b398,3119151590999999905792
0x28265b4188ff587e5cfe1155606026cd2ccd243d,3119151590999999905792
0xb24156b92244c1541f916511e879e60710e30b84,3119151590999999905792
0x70c3ae4daeb1586d4320047c84108dea67728f2c,3119151590999999905792
0xafc7e26c9504f4073793bae1a654557cada919db,3119151590999999905792
0xcccafb0d7f4a8606d7309584b70dcdfdab8ec9c9,3119151590999999905792
0x2669307e88901316aaad07c125534653d4f01e0e,3119151590999999905792
0x0140981bb450910dafba76f2b46ed8010e4d7a59,3119151590999999905792
0x7eafafb98f50e477a8d3015d0f9e0439f30121ef,3119151590999999905792
0x8c126eb5ada6c61f5b48e9791d5d539576af87cb,3119151590999999905792
0x4ad3ec5422a7d0507e46196b5457567e84761393,3119151590999999905792
0x4f1d4b612b843189ff93888cc34678726b088cef,3119151590999999905792
0x9d3619b76cd18cba773e04fb38bf279f4938e2a8,3119151590999999905792
0x7a00f6baf2bc98f66c2c7deb4607223b1bd6f6cf,3119151590999999905792
0x36533fa26f038b4a17e585bf8c326903959bbf0b,3119151590999999905792
0x46b2cce2f65feab0c1d8173c80f5d0504a8e007a,3119151590999999905792
0x78529b90a6fad4a380abfd82aea708775c3946e6,3119151590999999905792
0x11df282cf331c6e1e29b7430dd359be256d5e4fb,3119151590999999905792
0x1abfa672764dc31790626c573198d2ad29f9b67e,3119151590999999905792
0x3619c6eb1ba194fb81f5a23e6f8ff9a836aa6b32,3119151590999999905792
0x96a6f29ca861b7420c586e070fbc767e357ba821,3119151590999999905792
0xf1b726a64d8c1fb46f8c1b0ac19a7fd5e979a694,3119151590999999905792
0xd02b3d76cbd1b03d129af12449873539e3ffe0d9,3119151590999999905792
0xc322aa3e9a98d623b24eb323617443e9346410c4,3119151590999999905792
0x38689b0f873e709a3410071c6e81dcdb77ee9475,3119151590999999905792
0x2363ab774b4038a9068e45335bcf1a805eb602ab,3119151590999999905792
0xf460a1073ab427e73fa051ef048138ad24d495e2,3119151590999999905792
0xb387c4c2dce6a21080f39b467c7efc02d2c01227,3119151590999999905792
0x79c75baae15ef527a81a094d9560f219fffd7b15,3119151590999999905792
0xca4b599a1deac69df773d11a9fbb697e53cb0328,3119151590999999905792
0x711dbcce95553de3f02f82be01a1bba0750be25b,3119151590999999905792
0x68155b7599a07abe3936cb4db51feb22b5544f2b,3119151590999999905792
0xaff7f3362cd0eae180b6c89385337348dea2bc80,3119151590999999905792
0x31626f76e2a1eb042ace0a84034294a5bd99161a,3119151590999999905792
0x0461f84f8763b38ea33ac7251e4c972ab69615c9,3119151590999999905792
0xbafc24009f1d2f52c93ac97f9991510e218dc9d5,3119151590999999905792
0x00c9eb7cf1aee948b3ca6e30872bbd74e00fb98c,3119151590999999905792
0x8d459e5c82a34c2f0a6d92772f97e1b34177515a,3119151590999999905792
0x34cae1d9e2d014b7b9e6295c66c554d7e79713d3,3119151590999999905792
0x224c08a8526751887a83e2711b167f890c6d078d,3119151590999999905792
0x2c472d1d6cb47d9ba747fec3519db0e5688dc89d,3119151590999999905792
0x9880a6dd2a7498b10ab312be78b23e139c0e8f11,3119151590999999905792
0x201a61a23262c6392670ad378643d205fbb2de22,3119151590999999905792
0xbe859efca2d4283b39654ccccb735b4412ce26f6,3119151590999999905792
0x22eac1355400145592631a355ab0eb9d8da5ac3c,3119151590999999905792
0xa27cfae2aaf92c8abb7a847ed06c6bd8a1bea0e6,3119151590999999905792
0x9b3f49a186670194f625199b822fcbdfd3feacf7,3119151590999999905792
0x4ac5a17b758c3a3c93214e770e35c4367ecff8b6,3119151590999999905792
0xd93692c96fb6c6210fd8c0e5b0bf8b3e393c21f3,3119151590999999905792
0xa3e98e0add81c690c847d1225d385fe9b78da496,3119151590999999905792
0x43c574dbe7b62120a65af6688d2d57486ae70258,3119151590999999905792
0xedd83f86bd54e19ea8809bfb47a891c9e1fb71c9,3119151590999999905792
0x9559aaa672f07a19b4a0b4a43fc707427a3b2f0a,3119151590999999905792
0x8faf97b6692f3058f36d99373407ad9e573a774c,3119151590999999905792
0x628e449db79206d95c26b6cacce27328a5294a56,3119151590999999905792
0xd836da33a6629548271eb9ef4f62d083376eb4a6,3119151590999999905792
0xfc4ef9a045d62fcb93c2325bac9a37c9fe47e286,3119151590999999905792
0xeea89c8843e8beb56e411bb4cac6dbc2d937ee1d,3119151590999999905792
0x9cdb491354086ab189dbb17360c33970b7298d3f,3119151590999999905792
0x01faae0c2d2f5d83cef195a935ce27cedde41265,3119151590999999905792
0x27aea25f12f766103d2ee71143349952e480ab0f,3119151590999999905792
0x8843ccd14855927deb28ffb2c0060139987a25d2,3119151590999999905792
0x345bc57dd7b5f99b539c24e71a071a6a79e7ad7e,3119151590999999905792
0xffacef4fa1f0841ea479b168e734c1d5aeb41766,3119151590999999905792
0x93d2f7572150e3ccd5b919be5ebb81c7b0d7b7b5,3119151590999999905792
0x5baacd1d93ec3ced34bfc63b142f3231e373e63b,3119151590999999905792
0x083fdd6dc16c722356cd19e36a1bc883f55e34dc,3119151590999999905792
0x9cc27036472915e946dca02f8ce3b7699f727af0,3119151590999999905792
0x190a19a03e1f4cd7a9e7258ca97457137260a5f7,3119151590999999905792
0x14bee84bc30f34535ce43d6f3c5847236cb1107a,3119151590999999905792
0x4eed4d7ee6b5f8a18584b242e684e4fdb18b5d7d,3119151590999999905792
0x80b9cfedbd68ace402985d0e780c4b20ae685320,3119151590999999905792
0x4554c28b062fa6ec290bcfc12fb4257c0f2aa58a,3119151590999999905792
0x436098227f289779e50ea6cc531349f048ed3def,3119151590999999905792
0x55ac091938f9d2db867debf90322715102d973f4,3119151590999999905792
0xf2c7585369580eaac0f777e18fb1226b622e54f5,3119151590999999905792
0xedbe20a59a11b3bf98d7074fcfb41496abf58ec6,3119151590999999905792
0x85789dab691cfb2f95118642d459e3301ac88aba,3119151590999999905792
0x97eaeadeb70932842d19ebefaec2aa4fa505a8ae,3119151590999999905792
0xd38e5550d7bd5e5bc0a6bc2b4b787baefc0abd6a,3119151590999999905792
0x9e7d972391e460b1856576d91644d1c3bd46a0be,3119151590999999905792
0xb86d960213434872f2cbf518db1f5a8aed8c340d,3119151590999999905792
0xb7fe878e4373a9886df2ef975fb2ddac8c313770,3119151590999999905792
0x6d7459e3068d85f239f8eef8aee0764c71caee7b,3119151590999999905792
0xe6eb2430a1b97a7368408dd5cf1b26feec5a81f5,3119151590999999905792
0x93d8d7cdff64d4a31ea2554a3735e58fd69f052f,3119151590999999905792
0x27d09e557957b70fdaaad51bde7d8b76db622f2a,3119151590999999905792
0x16df5164ae7817ec5925e710ff2125ca26b8d943,3119151590999999905792
0x35394fdbb8e985e530fe49b40f6c1f6fb8da2353,3119151590999999905792
0x01b30ca1bdde1f68abe69c46fe88f79b496ec63a,3119151590999999905792
0x721f7021ec8cb5e90ae1bcfab7e7b4c8a952806e,3119151590999999905792
0x9fd14cb4234ce745b5e2bb5ab1d81998d6aa9ad1,3119151590999999905792
0xf5ee60d6971970216c0d50b2215a8eee30a0b445,3119151590999999905792
0xb97a925d8027e8633c2aadd377260f9d0126f7f1,3119151590999999905792
0xbcd944c193047b342822c154938785e895defd49,3119151590999999905792
0x3c933028430b30d15bc073a1eab0e888bce1602a,3119151590999999905792
0x9ab1a23a1d2ac3603c73d8d3c1e96b7fd4e7aa19,3119151590999999905792
0x593973d9f348474f2ed9e56b64f1df2c273022ed,3119151590999999905792
0xd6109dac18db4911b3642d9627e207cc8c6ee6c1,3119151590999999905792
0xc639bece23b46b968b721c276fbc0df907d4202d,3119151590999999905792
0xcdc3c27568ee623ad01645cc5ab8ca23583bbd43,3119151590999999905792
0xf816047eab840859adb2c2241ea7e73fffa843a4,3119151590999999905792
0xffd2df7ba9a04672933748dc86ce71f131ff4d50,3119151590999999905792
0x9d68c3d5385e5eddbfac6821249918982cf73fa3,3119151590999999905792
0xd373a58e6d3217d48ede8ad6a95eeabf6590171c,3119151590999999905792
0xed9272d8da6a828160ab3f058a2cbb70b3b1eb69,3119151590999999905792
0xacee5277f03799276e3c1e26d91234a86fb255e4,3119151590999999905792
0xac2bc9854843bad4def3558312285fc2970b0d0e,3119151590999999905792
0xc6404f24db2f573f07f3a60758765caad198c0c3,3119151590999999905792
0x48698c0254165268ff50a63a4c023d08f4d65772,3119151590999999905792
0x6ec29a7be2faaea0aa33065b531c19b9af9c8a0a,3119151590999999905792
0x7ae02e3871f38d0ba4a5192d97621ba52083fd06,3119151590999999905792
0x810d7ec5920996907e0376af3c63b00f1588b4fc,3119151590999999905792
0x31292f90515f9ec28d475dd29c78e9c293c42b4b,3119151590999999905792
0x53c0fa070e310ce1690b3c83b2ab7f20d74d4922,3119151590999999905792
0x9fe94321e8e10b059223cadb5d7abe42e62d90ce,3119151590999999905792
0x719b2f13081744c3084698cee024ae99a9f5e99c,3119151590999999905792
0xa7e5a837382c4b2a484bd2afadc8b5a5f6d74e87,3119151590999999905792
0x5cdd3c7bb347a62d154d4f39d97b26352601a1e7,3119151590999999905792
0x994e89ca6af46286beff9047e84b1c30f6111a7b,3119151590999999905792
0x9df59fe943bb74afba2324582023093215b31d0d,3119151590999999905792
0x80e6f93ffc6051214da2712523a074dc7af60929,3119151590999999905792
0x0d3d21db649a28a1821d672ccb2d5fff15b626a3,3119151590999999905792
0x83d32767587b5bc0a4e6d125e60ba93e61ff06c8,3119151590999999905792
0x4f11595b5e3f33d2370c3c5d8e552ad0d9a99895,3119151590999999905792
0x1d9e5d0006c8bc83fcb0cdb1a318d43de5196d22,3119151590999999905792
0x4b9c798ef1dbcb76aa44c695977e4f5fa460897a,3119151590999999905792
0x4dea5961e8ec69a27ccf47dcf9b5a6e7a6766e8d,3119151590999999905792
0x2348fb97d600cfbc0882cc95a5ad155dc8a42717,3119151590999999905792
0x7f19012906075044242895b068bd1de7fe963110,3119151590999999905792
0x8cac1694208f461a192f95c7fed8de18aa74c542,3119151590999999905792
0x031b9b8488b60d842dcee6c78f4abf83150d20f5,3119151590999999905792
0xb352256c5b4299cf6e31a38655041df0e55dd41a,3119151590999999905792
0x0a12bed6471cf9bd54112e333904e77c03b3eabd,3119151590999999905792
0x31e985b4f7af6b479148d260309b7bcecef0fa7b,3119151590999999905792
0x0d76d49684350cf85a822ddd46b7235d86fa541f,3119151590999999905792
0x16afd16389edd871afb6bba8615e0b14865fe796,3119151590999999905792
0x2871f624aa449a42710ed2c10c974903971988c0,3119151590999999905792
0xe06d7080369d959128d89aa3de04118870d09aeb,3119151590999999905792
0xf1bae6c7214d9f42f3db90d6fa3763f97bdf7b2c,3119151590999999905792
0xe36e4a7f05167677bc1968f89ad0a125a9e57c0f,3119151590999999905792
0x0d84b52ba4f388c0a168d48555108d643114191c,3119151590999999905792
0xea27ab2cd5075035e03df67587349cad8566caec,3119151590999999905792
0xed8df973f85f030f6131f4f8dca4c8b660f1aff9,3119151590999999905792
0x435d821ee5b346850545cb18443ca9808a9d47d0,3119151590999999905792
0x00547fa917d525646a3db19e69c8c4b98ade6e9d,3119151590999999905792
0xe3fbb0520850098ce7e5cfa09f28fe3effbb9a58,3119151590999999905792
0x954133199862fe2ca052661de99373c70ecb4e47,3119151590999999905792
0x50770e3a529475509880f0da1b0b67a2e03cbfc0,3119151590999999905792
0x498104f6d69ec29f7e1cfa8b8c3abd9c5328fd29,3119151590999999905792
0x1150182247cb6c909ff9cc7609cfe678462979d6,3119151590999999905792
0xec574ccb58940a7551f02cf40fa661ecbe6494bf,3119151590999999905792
0xd4bd394dd12f1c5fd6fb8f6399f45456cfdd4f8b,3119151590999999905792
0x37bbb62ee61e90838e60761071b7a001acfeb06f,3119151590999999905792
0x61cffdf19020c7e8745167e761b7c596c4a83156,3119151590999999905792
0xe4cc6b0a291f4ca10339a9f8cbcc76b1afc664f5,3119151590999999905792
0x0a69cdaa1ffb3e7d204c61428dbf052eee34c0ad,3119151590999999905792
0xd7874aef966a3438a9157e98d9cdc1ab781afd7f,3119151590999999905792
0xb00ec4e2b8cb56ea6f4893ec936546f2e3748a70,3119151590999999905792
0xcae3c8335ae8c5ad1bfc3ec335a85d5036d33578,3119151590999999905792
0x6231e3e4fa795e2c00c744b90deeace0d4d07369,3119151590999999905792
0x4450cbd66f0fa15a626745324814ad32b2fc104e,3119151590999999905792
0x0a40bcfb1f22ce25e51fbcc6674e8a5d2980fbf0,3119151590999999905792
0xc17c87d272b316cf38d13994445f2ced109db784,3119151590999999905792
0x63247cff403fcf39d14802a979934546dd2ea5c5,3119151590999999905792
0x91fd416bd694d30f3062c7fd1cc2741ff1082132,3119151590999999905792
0xd2466014bb7fa0c5e1cbb38974301bd37a727908,3119151590999999905792
0x2a3c6f11004ed75fd149bc42ad2e2aa76e80256b,3119151590999999905792
0x325409632bccffac706d378a2eca57cafa21ab11,3119151590999999905792
0x9e6b28e53e9a614acf0cb423706f81bbb636ea88,3119151590999999905792
0x30b3c0c5dd5f09da7176ee056b125cc02ef5ffe3,3119151590999999905792
0x4a9f18939c4bf1490cd3b4eb8e706bdfdd70119e,3119151590999999905792
0x167f8ff1d239ab65d9bdcfb4dc3fe31396371983,3119151590999999905792
0x3913ecc1c8e2a97a34f51efbccaab5848081cdcd,3119151590999999905792
0xaa1d0ad28771f3e053c0bc1330c2a087db6249c0,3119151590999999905792
0x531571f8a3dfe272b3ed94901aff87eb6d8d93d2,3119151590999999905792
0xf91c342b6cac5985ee3101084116ca2cd1f7834d,3119151590999999905792
0xb4b5c03bf9d1266902cef08c40f94a457ebf1d0c,3119151590999999905792
0xe9236d96719bd9698755a1948776786d6320a0fa,3119151590999999905792
0x64524218879e96d9a11d48994219e389b55369b1,3119151590999999905792
0xa6f2ecaf8b54b8776bfbc453ea7d97422cbe2337,3119151590999999905792
0x10e59ee639436782951327ea09d19c0a779765cd,3119151590999999905792
0x64ff8a32bd2b2746ed2a42ce46eb1bd74c59f70c,3377100057000000094208
0x781ee428cbed3c0fa521de914ff9c35530e27491,3377100057000000094208
0x575ae079b52b4b4386bc8833fa27b3e42c8ff7ba,3377100057000000094208
0x622cbe555c364beb70b10f1ba3952f29944381f0,3377100057000000094208
0x78ac9c2545850bedbc076eb30ce7a6f0d74b395e,3377100057000000094208
0xf072e5ebf890dece7c051b47eceb45883f0da844,3377100057000000094208
0xafe4450daea142fa5fbc149bdf5ddcabea79c448,3377100057000000094208
0x8ad874345a915fe9dba750480b9175edf9a88ac7,3377100057000000094208
0x856b3835e97da1a36ffbc057bff15562227ac7dc,3377100057000000094208
0x50750046f5f804fbe3a6b99d18b1e5fced19fb3d,3377100057000000094208
0xb0ee12318b143fd69ef1dbe9012e999dffe51df1,3377100057000000094208
0xb75b28f587df737264ad232b48dec6c8aebb4332,3377100057000000094208
0xc4eb755af6eb67417005eace994c4e9e90c87a9e,3377100057000000094208
0x89d988a9d8c0936f35daf8e66a01abb1dcf402c8,3377100057000000094208
0xf8c22103fb3e211cbd3cc55a18dcfc4350e01132,3377100057000000094208
0x001d6bf1898dd15ba388d97e83f4960fdaef1dc7,3377100057000000094208
0xd5fd5b9427fbcba41339904e26a9649b813781c9,3377100057000000094208
0x77bb4a3ac80ed2749ede5a87d8a7faa05032282c,3377100057000000094208
0x793e48857f3ccdfe5cf3c504b6dfc7e8dab5b0e1,3377100057000000094208
0x7ee18314860d73d56c2bb220da4b264ffc33fc79,3377100057000000094208
0x8bc7e5cdcf46ab5c83e964d5eb8fd728be2e4cc9,3377100057000000094208
0x8e1f65356ec75fd5f09ef5fd13c2de5637d054dc,3377100057000000094208
0x8d5a9bbdf1ee8e974000dec395c73d3ce8a205b2,3377100057000000094208
0x34e6883629e3916bb28ce0d1651b9b90aff89684,3377100057000000094208
0xf18075b848b6da0d63f73d3b1fa54f941d1ea589,3377100057000000094208
0x76409ee20d9a4a3b89ca3bd6c7585c014fff9363,3377100057000000094208
0xfcf2a04a3fc9a939c7e911d780bb3d0b212c6be1,3377100057000000094208
0x7747e718cce4053acf2279b80fe899ada3a271bc,3377100057000000094208
0x0838abb1a949b8f5655bf3dbedecd6a9829561c4,3377100057000000094208
0x78b9dda9b591e341bac58a5afb5fa6ed2fc5d43c,3377100057000000094208
0x5bc80040ac6ab2c108d10a0aa0b995cee7bda110,3377100057000000094208
0x335defafd0779b5c46e3cc400b48ba933bd1eed1,3377100057000000094208
0x83d7e90454057aea5c792a4ca7260e523ed7e508,3377100057000000094208
0x92bcf944f9202234219cef91ed264e3d9b32b264,3377100057000000094208
0x965a8e0dcdeed52d6c3aaa593c77ab4434f0a47e,3377100057000000094208
0xec24ed76470f498c485a43a1d79fee0b4a169390,3377100057000000094208
0x99edbe16dcbba03ffcc57a705f48d4c89cd6567b,3377100057000000094208
0xdfd1771aa5ab47847ee40bb78cfccd776d6e6d7f,3377100057000000094208
0x9a78a161c35789eee919bc185ddf3a1f30c77579,3377100057000000094208
0x271acfd6f79e9f8b5b0fb0f065d38479407b7ac3,3377100057000000094208
0x154bcb8f393d1bb9a1cc882a0174eaffeff16b30,3377100057000000094208
0x735dac22b1cb9b24bbdd3cddeda347ac9ac7247b,3377100057000000094208
0x15be8398da74f14b652044c5102353dadd620160,3377100057000000094208
0x6bd3d00e9d76be268b1d0316d7b682d3854a2cbe,3377100057000000094208
0x6836459efbaebf77f7b469cfbd539bb602d162aa,3377100057000000094208
0xde4c7c10d8c015501886a7214cda36529ac17c6f,3377100057000000094208
0x1847077fdb5bae66a836334a7b0fa02b15b8ae66,3377100057000000094208
0x6754a88418bbbf1773499b7605a79b923b945b8a,3377100057000000094208
0x5629b2a346a466c0d07cbdcfecdb6a3bb7d68ca5,3377100057000000094208
0x65801b2e1c0ad85b4a6255461c41068e1ab985c1,3377100057000000094208
0x41ba9db50d8e7bdaac43e7b7a535784532ddd802,3377100057000000094208
0x2e9bb0b28a9a1b4f73541b374e5c88ce34baa016,3377100057000000094208
0x44e02de5f8f02dbc0a6df1545eb13d015b669f55,3377100057000000094208
0x536fb9b510e7e32489fd92a732ac15fadf8be326,3377100057000000094208
0x23f5b337d2adc430b85a4a1c1230f93854debd14,3377100057000000094208
0x114dcc3019b1969982d4d3801a49e68cd34fc90f,3377100057000000094208
0xe397bff06ff22b268f69a522e57cb658826e24de,3377100057000000094208
0xef57c67f42af29dd7ca5db8b61b1bd1d2de8dfd8,3377100057000000094208
0xab5309888c39646bb222a70e0bc1c69e3326ee77,3377100057000000094208
0xf9ad073f43ee4a19a3907d2ec96dc6dc1bd02ff9,3377100057000000094208
0x30965b30bbbd150d634ca46d5c9b38b2fb9c2f53,3377100057000000094208
0x3559ca0451a301a59309012125f4b63f2432ac43,3377100057000000094208
0x0f32c8fbd8fe29d5ef451ed9f8a13062c00ed583,3377100057000000094208
0x40eb55af527af8e4265d17e8470a6bc5d4c21d89,3377100057000000094208
0xd34ef77becf303da57eac41e7d234dffed45efb0,3377100057000000094208
0xf43119cd54aa1aba43fcdb4af3852065ad3f5e51,3377100057000000094208
0x4483856d6c0b2fb44b1bef44e0ac9e0f1d4c7e65,3377100057000000094208
0xc08dbdce7c8ac4960dedb1018532fb8bce0dc1f2,3377100057000000094208
0xc41ae3128e22c1d9b6a70d6886db0eaecba33557,3377100057000000094208
0x3070f20f86fda706ac380f5060d256028a46ec29,3377100057000000094208
0x5ffd8de19910efff95df729c54699aebcee8f747,3377100057000000094208
0xb2c3b9204c94ec3dad75d950cd1191fa6ff3208b,3377100057000000094208
0x40f17685067c929ae6d303f3001ddb7700a78df8,3377100057000000094208
0x51ff7125a8f78a86c172786012cb4bae15aa1575,3377100057000000094208
0x22ad49d3e1f81a2a626e2df64fbdabe1536cab07,3377100057000000094208
0xc24467f2d6395610336b788c26a881675869e926,3377100057000000094208
0x441c161a5d862b66fc05dac25911718e05ada0ac,3377100057000000094208
0x36591f269785ba25c59eb15eb4303ed72ce80054,3377100057000000094208
0x2fa1ddc720cac9c5c2e03e0a03c6e2330c94ec05,3377100057000000094208
0xbe9fb5b7991c29b060eb5f5e81b98527e38e8695,3377100057000000094208
0xefe2d77ee68f53ca6166e14c633e5e8cc262a0b2,3377100057000000094208
0x053a94f686485c9c078f7cb14604a929e49b8552,3377100057000000094208
0xacf4c2950107ef9b1c37faa1f9a866c8f0da88b9,3377100057000000094208
0x10c0d6840659f085581ab91ed1eb5cc174c89e9a,3377100057000000094208
0x9bf822d8cbba889a3aa97602b606cadab72042f9,3377100057000000094208
0x9fc4d5e76fc8c173ca49508c262b3c31e8c0b39c,3377100057000000094208
0xa06694f0ec5ab033207c5667ca6e27432f10ac50,3377100057000000094208
0xa1c420699a8b386b471280538867ee557360e57f,3377100057000000094208
0xa361d098ba12c72cac9a38f7f2ed441cc20aebca,3377100057000000094208
0xa37c5bd52a6c78ef7a25c90952a3786259184466,3377100057000000094208
0xa49b120d63f5e85ad232b09dbcbaf47847003b2e,3377100057000000094208
0xa58fff291e74330f963671140ffab2b92dcc221c,3377100057000000094208
0xa637007886175f039aa59f22c509f5d446c8fcd9,3377100057000000094208
0x14ce500a86f1e3ace039571e657783e069643617,3867680578999999791104
0x254676ae056befeea0ac8397eb4b586965442757,4807701618999999594496
0x31f7e1dbb5165d07ca19c6dd09d66078e3d5be1e,4807701618999999594496
0x1755be506d1519281a666143d40b61d6078cd515,4807701618999999594496
0x8a7ea886e45656ec1697c4a5e20450cfe8d62a83,4807701618999999594496
0xe166faa4434d96f6d11b6fee47634e1fc043b1ab,4807701618999999594496
0xea6cdb8db34150cd25881be557c123d72d98c74a,4807701618999999594496
0xaa92ee93fc62d4fb9a4d61a40191f11aafcb7930,4807701618999999594496
0xb49452313eb74a3cfa7b63debb9a6190b60a49a6,4807701618999999594496
0xa05af34857d37db436ef858888a5a9f7e025d94f,5065650085999999451136
0x53df7c1a39248589013c3bda3d0d1cc9fab1651c,5065650085999999451136
0xc1209f7a2f72240a1d3ed9f5a71c8229fe4ad6ad,5065650085999999451136
0x6051431ec8eb854e1837e6753382e5d860eaf8a3,5065650085999999451136
0xe4785351c655647f0c366abaf19c31da3b156fc2,5065650085999999451136
0x90a66d7202ef44973446d3dfa954d9f7e3731f5d,5065650085999999451136
0xd5442c49777d293bebe36c7e648b94da9024f66d,5065650085999999451136
0xeeae4b6635a9a59e314a3d0fff8399b0b41edbd3,5065650085999999451136
0x693be89f4fbaebcbc2efe47ac1e4d3d1dffb8a23,5065650085999999451136
0x5acc7afccc4eeb75d542702baaf8eaa0e1137900,5065650085999999451136
0x391bfb90eb6183f6c1f0f555d7542db8320b7af8,5065650085999999451136
0x417e13eab409330be1cd28561eb3fc86a384328d,5065650085999999451136
0x197d9f1370f2f7441a17cb035f33a6c19866d67e,5065650085999999451136
0x08e61a933b3be0e6417d764d2f7225762ccac338,5065650085999999451136
0x5bfb15bd66c42ef526724bc4691f5097f3eec102,5065650085999999451136
0xfa3217a796438168a3918e665a04b4c89005ad67,5065650085999999451136
0xfb84de2975faea6a6594419edf14f2ef7e876b63,5065650085999999451136
0xf3d81e36029481904c286a70dd550105549461f6,5065650085999999451136
0xff477ab4e7e7f64eb57a4a07247ed71803cb0ca8,5065650085999999451136
0xe4a6e7c0af66e8032272b8f2378c3316c0c0686d,5065650085999999451136
0xbf4e6affa7fe319c62a6ffec49ac73b3164798d2,5065650085999999451136
0xb4ef7303e3da3c5140b664c26c3fbb928bfd8e57,5065650085999999451136
0x5a2e6a2385631ad608e6bed27405b26e1eb72404,5065650085999999451136
0xbb58428c4b3e8834cd16469d0805e2e4a303644b,5065650085999999451136
0xc42bcb785af98326d36b425b0d38cb5ea6ddc661,5065650085999999451136
0xd8e570effc00ee7c09fdcb4b20526ba7a69c2e11,5065650085999999451136
0x7095c4f586d7744c1f0a7609949dc843438e1f3c,5065650085999999451136
0x7ed72bc31675041d3a2e27b53f36062fb76f898e,5065650085999999451136
0x5067ef9e5a7682704e79d43f3d1f197813c14a69,5065650085999999451136
0x701ec3c54ba9a4d83bf213db3e9b6351d4c6d802,5065650085999999451136
0x7eed9e08421cd50218ee02793014b8a87af125fc,5065650085999999451136
0x434f0ff02aa73fb3bef0d5268db548a06d82087f,5065650085999999451136
0x00fb691d623e0169d394f6c468a80f0575558862,5065650085999999451136
0xe027ac597c425375e33c8f312778d190ab10ca1a,5065650085999999451136
0x24cc15eaa662d4bac5436a39ed7e4d6821e31bf5,5065650085999999451136
0xe6275ac775460953d3b3c7acff25230c755111b9,5065650085999999451136
0x34a327da81307acf0f3d576d9c7791566ea1d901,5065650085999999451136
0x7567314ea3ce7dc8240684b0b860ff5fb3b2c71c,5065650085999999451136
0x20a84d1e8d9cb972c9388cdbd967c1eed9df98b8,5065650085999999451136
0x09447f57dcb8d8b04829d969f5d6ce1fc7ef7a64,5697605309999999877120
0xcbeb3c6aec7040e4949f22234573bd06b31de83b,5697605309999999877120
0xb226279c160d97929c160074c0db3fa1c9802964,5697605309999999877120
0xe4e0bd00dd7fb8ed1f3c42346a0fc606e6359565,5697605309999999877120
0x170efd63dca37a7f92a2fbd5516ce1918ab526cf,5697605309999999877120
0x74f0ef88878bad5c38ee76144ebb723c94e25a86,5697605309999999877120
0xf3e4d421e826a03848254095455ce818ace25af6,5697605309999999877120
0x6ae84ebef54fdf7705ddde7b20ad258f7769c91a,5697605309999999877120
0x478afeb45241020389f3194cb2e9a6ff5e317733,5697605309999999877120
0xb35e80f24da704c86f37dc345fbbb0e6e09c850b,5697605309999999877120
0x3cf089a30c57852200bb458f528726c1b1be3164,5697605309999999877120
0x55ebd88192ba046e10b456e30c95ec8735ae4c37,5697605309999999877120
0xac58aa71114e895ac395cdd0e3391d3ecffb6fbc,5697605309999999877120
0x9773d0da32f0ef40f3346dfd02f9baf9f945bba0,5697605309999999877120
0x5ee42438d0d8fc399c94ef3543665e993e847b49,5697605309999999877120
0x66e7ad0249092298680dd28aacf76265d87fb38a,5697605309999999877120
0x60e081483227593ef2e95534224225852751b1d9,5697605309999999877120
0xe27b99d96edfd17cc7bb57805e5cdec755078f5e,5697605309999999877120
0xdb016d3722fcf9d3760f7b09cfc6ca8558ba2f4a,5697605309999999877120
0xc654c5575d4dcd174d107751521c51e67156dcd3,5697605309999999877120
0x0533d40c4b884240a74a418687f456c3bab3fad3,5697605309999999877120
0x0e215d573dc571191bef806941c70964f3846c35,5697605309999999877120
0x5ad32c7aee7f06575ee0740cda8e6bd095cc3919,5697605309999999877120
0xdfe7ad3e0cc6fb0798e66c67c72927c49fc42478,5697605309999999877120
0xe3f061d9724f0daacaada6438b32e7492f2bf251,5697605309999999877120
0x47b9be2abf641e19175b5258a3c639e06eb20ac7,5697605309999999877120
0x1037012a4c2fa9544eb831b47639333b487ceb09,5697605309999999877120
0x6dd9e5b13412c811e02b0b9ce33d998ae3fc232d,5697605309999999877120
0x5e4038eb6f1e7316a45ed569e94c8cd1706a5ec5,5697605309999999877120
0xed44745042ffbc012b19788ed78f8d539cd12c02,5697605309999999877120
0xc0c0a8261b04e171bfe59c3628d69b5568cfa316,5697605309999999877120
0xdfb3b7d463e6d8b85bde29e68220a829abb7388f,5697605309999999877120
0x917393eb75d01c9bab353f9f7eba9e8880e3520a,5697605309999999877120
0x60df8a187bd4edc720e272f6ea0d068355ef39ab,5697605309999999877120
0x6cf51fdef74d02296017a1129086ee9c3477dc01,5697605309999999877120
0xcab81920134bb8a6fe2bf3760b445b741a44de5b,5697605309999999877120
0xbb34fe1227303ac6121092783dce6fc567a57034,5697605309999999877120
0xce71ec2db82d10fe60f053cbb5009acb171f3190,5697605309999999877120
0xea5dca8cac9c12df3ab5908a106c15ff024cb44f,5697605309999999877120
0x23a38ed9cc8347e667676cc2546dda6a7447e795,5697605309999999877120
0x29f0e5f58949c1995ee21267d3d97f361a641a62,5697605309999999877120
0xbbb5d974b3c0496c72f62aff33268deb9bbecc02,5697605309999999877120
0x8b7eefe33b49265ad1ed2709a44298c7dd7ef943,5697605309999999877120
0xb4ad2885ba93301ca70402c0d0c99dd117e89a07,5697605309999999877120
0x61e905731544429348fe03476f50840da82ba679,5697605309999999877120
0x054fd152a7d0206d6e250841a99e6c63d56e48eb,5697605309999999877120
0x0a030351815b6981674cbec66583f073e8d00038,5697605309999999877120
0xf9687743fb84966f63afb100b0f6be8e4aec374e,5697605309999999877120
0x7711a9a7da504edf800fe80f7e52a3aa33dad07a,5697605309999999877120
0x3f231af0806fe97ea13867b50f24d9681a61a3bb,5697605309999999877120
0x46f37c88535ca9e4b5fef27c2475dbc83922ee4e,5697605309999999877120
0x54308ed7443f88e20da36afbbbc1138c0ddba8ae,5697605309999999877120
0x45056428df708045c4ac6c197fbc3039d2527555,5887469325999999549440
0xdec10d38f6a5cca2a16ce5714e372d14adf67742,5923482408000000360448
0x14af1f801e88314a9a677a0d35517c1d43c51f51,5923482408000000360448
0x4bb85b540b0c310f8c235c78a5df67d4b171e03f,5923482408000000360448
0x6d359982d9a750ac7e9b2a5211b390c8021a7f5f,5923482408000000360448
0x61fa648c999e8c2f95d8fe6f3f3094adde8c26ad,5923482408000000360448
0x475c3d8ed09774069d028b4bc009fecb07f2517d,5923482408000000360448
0xfc39647ed9babfa711cf455af5fd07b6ec42c308,5923482408000000360448
0xaee49a2b3d6db4d76d9994b829f2da3bd65626ad,5923482408000000360448
0x1bf4423d76aa9fc3acaa97ca416602817e90ae7e,5923482408000000360448
0xf9832b7bc039878e5665f70f0c01fcb2d999ecad,5923482408000000360448
0xb14fa22a90479e6e942cf3aec88f971f256738fa,5923482408000000360448
0x4d79b879d6a84e679b5ccde893aaa47b7f7e46c6,5923482408000000360448
0xd24addc8f2e56dbfa77809893a138a2e864d7c5e,5923482408000000360448
0x7388c767079fc85845496d8cc64d5c58b820bfdb,5923482408000000360448
0xec421cc8e7d592a422466c11377d3c6e7715fd7d,5923482408000000360448
0xa5eb2c93a86c24105800ab109a16d8593d246a73,5923482408000000360448
0x9ab8065a7b8480662ae2d9f9aa94be383540de0b,5923482408000000360448
0x65a2798a6112e0fb8210d83e6c6cbe5cf22eeb2b,5923482408000000360448
0xad29b73216ec1a063a1f3e9454c6bacbb74d35ee,5923482408000000360448
0xcfa1868661fefb8b9499d255685de3f2eb6e98f2,5923482408000000360448
0x0db47bb01181f59e2e88c9892a196553a66085df,5923482408000000360448
0x4743f149a435d8372bacd68dc4c28f29ac8e6cec,5923482408000000360448
0xdad77b4cb9c33e9e075689b99f3c195cb590693f,5923482408000000360448
0x1079778b3f805b8030f5b9fedc52e92d65f70ce2,5923482408000000360448
0x3c32f859cdf536215dd73d1d62cddf87e88b1d5a,5923482408000000360448
0x343302b82807ae16d3ba6bb64a974bc9ad4822f9,6238303181999999811584
0xa09a8bff2bd55a4cc980a0b08b0589807d981959,6496251648000000000000
0x00c7e270f9a568330edef5c7aee22eaba7a1a0fd,6496251648000000000000
0xece102b41ac9f702859a88ea826d312a69457a39,6496251648000000000000
0x5700f03f87db485fdb90e18b3100f00b235886f1,6496251648000000000000
0xaf246a194836b241ec48ad4c6c137b87b76e0b06,6496251648000000000000
0xbcfd71e6b1d0c772b10d3b5621b01d97779fc472,6496251648000000000000
0xc6f32d51d65d0bfbca3e359706ea675f19aaae09,6496251648000000000000
0xdedf2392e2e9a9ba0811ca11853cad43906a601c,6754200114000000188416
0x4beb90073bd13e1afb3e08c0619b11e43218188c,6754200114000000188416
0xf8bbde27e8ebd26d652ab5db662e96f00af61316,6754200114000000188416
0x9ce5193c84e3e20f32b533bddbea8fe7cbf806da,6754200114000000188416
0x8600d13e91ce95530614580d162bbfa749ffa698,6754200114000000188416
0x7a76ec1e82337698c2020efe18861152e8da186d,6754200114000000188416
0xf397cd712e2901661d48b7c5a07dacd5f0a97150,6754200114000000188416
0xc845fbc4e5697389073b5da66c46fc8ebc39968d,6754200114000000188416
0xc3fa48e9aee3724ccf2440f72116182b8f9b2e99,6754200114000000188416
0xe393c2935e11b954d7a2ae46afd675609fae6df1,6986832170000000745472
0xc0d39bcc0a021cfb5db2b8cedb160e4ea0ff5176,6986832170000000745472
0xf2457b926a2f5879befa06c0d7eb6b7fd20e0990,6986832170000000745472
0x4995c93767eeb943a0707efc6a6b3bddbbe6622f,6986832170000000745472
0x0681a3b84e057ac4985eb706b3d2152efbcd3673,6986832170000000745472
0xae8a89c737e7423def56f6e39bf4052b112d6078,6986832170000000745472
0xfd42ad1ff493eeb0cf9a6d58f02642fb76755849,6986832170000000745472
0xf2362004df8393dabffb01e3babe5b4bca27f6e3,6986832170000000745472
0x88529d2289d47e9339938f25f2e56a33c91671cb,6986832170000000745472
0x95d9bed31423eb7d5b68511e0352eae39a3cdd20,6986832170000000745472
0x662852a6ddc15f86f02dd48426a8a75bff6fa20e,6986832170000000745472
0xf4aa38171f15adbcf0924f7f342bdb82ee6c33ba,6986832170000000745472
0xc2326dc6e79f6750541550af0064f829ce8312c0,6986832170000000745472
0x2b5d030a8e0951449d166140c23cac4567777777,6986832170000000745472
0x0d44d39c9d2efbb612e474cdc9686c98df30a0a6,6986832170000000745472
0x11e967737331c1dcb2a04209e9be524016aac55d,6986832170000000745472
0xdb814bfa302b040fa684f53f74ab638d2dc62107,6986832170000000745472
0x0594b57b092e02f391e763fddd2255c43af86b9a,6986832170000000745472
0xd44a4ee191c6ba84a12e9e217add9a61d84ee6eb,6986832170000000745472
0x4f7b201294edf99d707bb138db3b5bb2091d6845,6986832170000000745472
0xc065a07f9fe675d3a4b452a791e187bb4cefaa43,6986832170000000745472
0x45b15975eb9c230c39c8f4682c0c57f13835321d,6986832170000000745472
0xdc2b6797ae6670b03909c7b8837df9b17b6fa46f,6986832170000000745472
0xf18cb228f8ea1f25329e016ba85b7f7600ebe9ff,6986832170000000745472
0x528452f6e88e3d1415e31941ae07124a6249fe89,6986832170000000745472
0xaf78260c92a513c2700a98dd2a11c16e51e4ebf3,7325647817000000421888
0xea3f69a46b769d21ce33a161f4727f67ac6c3f41,7325647817000000421888
0xddee64b8d431ca99d107e8615943a65f206c231b,7325647817000000421888
0xb45f93c6b6e56075b94fc22d690474002b92fcc1,7325647817000000421888
0xd977805f1124fadc4360f11467f89ce717c1ab5a,7325647817000000421888
0xf309fbfebda864b3979cb62399f89ecb2cc29d33,7325647817000000421888
0xc547edf3b205d4a34b8013b5be5ce3f1a02fe14c,7325647817000000421888
0x5f341a3bbe860ae7dad2edba7726ba6b4c11460c,7325647817000000421888
0x3b73c9bae2540d480e73d75f9dedf95a45d0f73d,7325647817000000421888
0x354e4a4b75b2ad2b8e8b598a2a0b3c667fb9cafe,7325647817000000421888
0x9f5fea829572d3f638dc90b17bcdda480486981e,7325647817000000421888
0xdb527a9f967d22b9a2801f21dcdaf819fcd9509e,7386155339000000282624
0x77ef0bb2a8fe8bab8372da805018d4ea122eb300,7386155339000000282624
0xa630119980d9f1b7ac1548ab50143ac79a76b090,7386155339000000282624
0x14931bf7b62b8cec8bb2e993f1e4f7985875ad1b,7386155339000000282624
0x5790c53da0c5ec030d98bb91b97e797f846f3294,7386155339000000282624
0x38daecf70b224dfd3b419b19f5302a156b7cbc4b,7846316743000000036864
0xfdc82c10b7fec382135837ac3e586a514b89fdb0,7846316743000000036864
0x4536d5a1a3e53f40fa2cc1da8c562acd80f59551,7846316743000000036864
0x563295b303ddf8857c687028801cea54130a6e8d,7846316743000000036864
0x0d2689916c6f5b41f43c9983ca08d3c9a7e41e09,7846316743000000036864
0x53d3d56998d969d32cdd81a37809ebb38b377ae7,8184801676000000737280
0x4ef0eae978cc851ad05f90d34ce58d51d27eb096,8184801676000000737280
0x5d1dc9fadac365a17246876b665e239f0c049f99,8184801676000000737280
0xd5198f31c6206e5fcad59ebea38d6425539fd24d,8184801676000000737280
0xa5a1a7d0bd4533f5b549fb4915d839199e1ace36,8260424756000000573440
0x947eb481d16fe478326e18864ce67e1a917072a4,8260424756000000573440
0xb792dc28c0708ab0a0ecf86c1598436085d6469f,8260424756000000573440
0x868c1de6700af17e395944d0b4609dc930103503,8260424756000000573440
0xeead4b3cb4292738b09d397436d20810cb0c7a71,8260424756000000573440
0xf935a00b0eb4cf49371e6e82f1a31a44627a88cb,8260424756000000573440
0xbdf5ef959c165d32ab779d6564c85626125e6b4c,8260424756000000573440
0xdc47d7d45f3f48d19bfc0bb8698355928e87d18b,8260424756000000573440
0x30d8a1567381a777ef9b5363e9f4ef6969559e15,8442750143000000593920
0x4886404ecfb86b759b27867afb0f64172eea1c53,8442750143000000593920
0x3059f2d440999d519ef10c061c3321f4a63136a9,8442750143000000593920
0x73ea7c6073c50f3f26b010f8d2d63a673fc18cc0,8442750143000000593920
0x45bc0f914c6f9285f41920a2d7d8732743d40474,8442750143000000593920
0xaff283466da0d3d6ee9bac0ef85daf3d6bc3a053,8442750143000000593920
0x9a999758c9d4ece68692527c92c6598d59fc3e08,8442750143000000593920
0x077a2765f189ead1169bf07e6b633bae2f909c62,8442750143000000593920
0xb464ca834796272e08dc6460940b281b046a2cee,8442750143000000593920
0x65565244e5700b85c90358468faf37c85db55099,8442750143000000593920
0xea92bac261113c778d27776f755c2551df19fe64,8442750143000000593920
0x20a247cd693eaa63ac3ecd8572bed4ca221adfa9,8490930173000000995328
0x528fdadcc203782cca04e5fde6a609f419ba1b92,8490930173000000995328
0x57a255806937783c7a7139d8b0b8e46178f50960,8490930173000000995328
0x079baec14d71cba0fadfb790b3b97e94c239a3cc,8490930173000000995328
0x4257bc72ea94e5f7459190dee12236ee7ee0203c,8490930173000000995328
0x8aba035ae515e31117909ad1d3a6f690f87378d0,8490930173000000995328
0xda569dfdb06d72526246de8b0c44b0d9934cdcb5,8490930173000000995328
0x06f2d97500e1529f226adb2dcb68a1a8c5175157,8490930173000000995328
0x3e4a503ea62ff44c9611c04cf2a46ac8eff3d053,8490930173000000995328
0x17c58659e901dc62c800127c72957e1ab0b1cfbb,8717053247999999737856
0x91e9f605def0b0589c856ec71be2017e9a9297e1,8961507459999999197184
0xf25d0c33e203f0cba858a4a88dd0077ac5f8a2f9,8961507459999999197184
0x96fbeedc06743921316da0b860e821b6322bc620,8961507459999999197184
0x107667669226323c18a90ffac0b48a3e21da4054,9006620917000000503808
0xe795ce77f59c961de39988e03f60cbee0d3b34a8,9006620917000000503808
0x54d35908413cea0b84845c3936b6792b1aff56cf,9006620917000000503808
0x06d7327007028f3361ec0bd2dcb59e464c88e631,9300582465000001503232
0x1b0f1838c48ee8f0d3f0d0375a2e991e17cd2fd3,9436363204000001032192
0x96427109835d2cb6ba483a351c576b127cb28a41,9436363204000001032192
0xc82b9cac090a6e8737a77c1eae4c6eb282130bb0,9522373624000000557056
0x95ebc2e1e06d4b744491894fd701e1bc8d1400ed,9522373624000000557056
0x8c758270a7b0f414473357efe7a669abf21297de,9522373624000000557056
0x5092382de569d1123be9c036c6ae7034adbf72a5,9522373624000000557056
0x736be66ea1148e04fc37b30bdedb49111de4679d,9522373624000000557056
0xfb0b80afa6318362abd21f7b5672623b579b7587,9522373624000000557056
0x9640eee1459447cad51e07e3a35996a2e32e22de,9534866772000000442368
0x1dbdb0fd326ac5de423467b88d07ccfe666670e0,9804713734999998726144
0x0692ee6b5c88870da8105afeaa834a20091a29ff,9804713734999998726144
0xaa74f9df7664e66783eca091f93dde27b233b58b,9804713734999998726144
0x3f46a271faf090c5ed0b9851da27c51269436c67,9873351705000000094208
0x74ff67a092b57040b5ecc017887daf7affbf2dcb,9873351705000000094208
0x727cc5e17bff78b7a49a72d8a401e1c959027ae2,9948974783999999213568
0xd6fc8f7c6f477974420c84a744ee28d57147bd79,9989762093000001847296
0xd8efc644edbec77577ab3618a5bc919fb05b6de3,10105983759999999934464
0x7d415a8149741f668b114ab41aa44ba3878e108b,10127020449999999729664
0xd047912cb45c958c88a7343af0fec23551ab3fd0,10131300169999999565824
0xbd62bd5c7be571209d86ac00257ceb199ae7cc33,10131300169999999565824
0xb813573c0448d01caed0cf0d17a3aade677f882c,10179480200000001015808
0x8fe9b4efd86c3d7b659c15f4d06a08710bcc9819,10444799409999998615552
0x09ab3c8d43fdf2705b56aa98e9da03c5985fd5e1,10695170950000000630784
0x4140100f2229122245e981c3874ba29cc183c8dc,10740922129999999270912
0xa83ec865656bebe944f648e54a87657ae59b7c85,10740922129999999270912
0xf7a819deba0d69c4f3567cb9fac04b05ec3a6516,10905765559999999770624
0x248589203c6aa373a77eaf1f172f6f33049f7c3d,10965468330000000221184
0xab796f11d234ecf96dbcbab7e46b15cde1f1eff8,11120636709999998926848
0x706dff311694e2f99ea52c007b93499a136017fb,11223416800000000131072
0x36af13e2188bcf041250231df380b828bf43aed2,11318979299999999852544
0x151d712669adebaa73624e6f735c157b6a0f5a5b,11332947529999998517248
0xb34f2089268c1e7a08b5579248328b20a9f8efd9,11379576349999998435328
0xbd6cc023ac272f13655f8b3c3192846e949f98aa,11561901729999998681088
0xc4c40cf1970abd2e173b677ea3b4bb1c30c47cb2,11561901729999998681088
0x73f94796a25853a26f5ad5b9bc29348f4ee7d53c,11819850200000000688128
0xfb029597ae00918f26ab8ca9d33f39a6f6cdd975,11819850200000000688128
0xf427a560d44a1f5c681e8a27cb65fcb6b3dd99b7,11821580930000000909312
0xe6aae6af6e89cf9386994a47ab4c5127f7a5c4c8,12237608030000000270336
0xae22a659b0b58f4c61a6aaf7fc0fe7b1f7fa59fc,12395756790000002269184
0x2ccde611a35aa395c8aeb2babb4e25c835ca1760,12555514790000000499712
0x3801349a677b905924c4ed00227f9c88f9eec754,12641525210000000024576
0x185f5f1b81bd93b0d2d91c55ca63dc06bb5314ac,12764794729999999434752
0x932632a152266d7c53371fbce16db0b6d4886f17,12764794729999999434752
0x9f38265ee467bdf8fc46616ffb1f4f0b7e9ff76a,12889987900000000016384
0xbcad90f4a1ed4067d9bc33d4089ff18a82250253,12889987900000000016384
0x12a650074a084f450fe41f90199f0a4dd21c1ddc,12889987900000000016384
0x93f513a75b6c737354ad71c054b9e66ff9b7bd42,12920590879999999868928
0xbff7fccf275d6c139f488965ac836e46975c2b8a,13007529329999998877696
0x948a2278b69b66af2624470d091fa4902bee663c,13250451759999999803392
0x3c20d030ebc72148bfe0ab3ec59d33ed81d560ea,13250451759999999803392
0x8450e3092b2c1c4aafd37cb6965cfce03cd5fb6d,13504120509999999877120
0x365b2698ad8f1166a3b0770f8318936ad9653403,13508400230000001810432
0xf67fa3a4f734ec7a4e29bf8dc2ef76c61f25503a,13508400230000001810432
0xe890eb333d154fbb4242327228d3ffce125a5867,14072270999999999901696
0xb86480be80064e9adda8410eb5538bbc23aab7c8,14322417119999998033920
0xb39a3ec4ef92f9335a4621b11cc9e3c4ebc66b7c,14324292769999998681088
0x75b9b236801b273003beb57f823b434ae49f1be8,14394022940000001196032
0xf512147180ebf2273636eb2a8547424f90410d51,14646973180000000278528
0x1785b9d1c721f89e457d90c3810f7e40fe41b28e,14681053319999998918656
0xdb7c320470f3d0d05a1704ad33405fa8c41435bd,14939001790000000925696
0x83bf10b31b0e109a1f821f42cb6695317b253c23,14939001790000000925696
0x94215606d1c7575ddd81bec22cc362caa957351b,15317986780000001458176
0x804301a31895c7b08c83fb37bbc1382c77d5a9e1,15381721569999999467520
0xcc7e4f0126df47a84f53c8623659154a18c42239,15381721569999999467520
0xe864166688e95618920e32619753e23175f189ce,15772856850000000319488
0x41885615207032bab91ef8b062f03613a00fa0e3,15828905480000001540096
0x1711bc52bf7e0494325799717fe640f1924617b7,16232385059999998541824
0x2836125d06212b887f74428c0001ae3e6fafa135,16623272099999998017536
0x3dcba64c3596aa254ad41502d8e15f9b54aa6e61,16788886790000001155072
0x5110bc5a24f48979f4ebf7069f952bf2ee95130c,17118132339999999262720
0xf7b14d1c8a3eca7a4d7cc8f9c8ca5b0d36822865,17203458409999999434752
0x3b9e9d3a0c69e01b8d73a8f31eea4a243b2a7f44,17285491999999998820352
0x1e4df1446e64ab5eab1c92627417a6e4463322b9,17332484189999998173184
0xe8cb936a70bbc40f7557a5837546139752a893db,17433659640000001605632
0xad73d369549a37d6f95aa270acde33d85c1bf16a,17697689519999999279104
0x0788373603522a79fcc5710910c20067f64bad17,17712521769999998648320
0x9e90e0212e16a651e40e54fb4ffa315d03538a45,17968128380000001851392
0xa2c9a5e30a7838c129e7cded2b4047271745404c,18032004250000001335296
0x8f909a2e37480a3607dca6ac7eff5c29377dd71e,18319779699999998214144
0x4ac0594f7cc48a1c3f93ed77c8bb3e09a6fc7f87,18979076009999999172608
